timestamp, memory.used [MiB], utilization.gpu [%], power.draw [W]
2026/09/12 09:44:08.633, 0 MiB, 0 %, 70.73 W
2026/09/12 09:44:13.642, 0 MiB, 0 %, 70.74 W
2026/09/12 09:44:18.643, 0 MiB, 0 %, 70.74 W
2026/09/12 09:44:23.644, 28909 MiB, 1 %, 117.04 W
2026/09/12 09:44:28.645, 28909 MiB, 13 %, 117.33 W
2026/09/12 09:44:33.646, 29525 MiB, 0 %, 117.49 W
2026/09/12 09:44:38.647, 29525 MiB, 0 %, 117.20 W
2026/09/12 09:44:43.647, 29527 MiB, 0 %, 117.15 W
2026/09/12 09:44:48.648, 74633 MiB, 0 %, 131.45 W
2026/09/12 09:44:53.649, 73609 MiB, 100 %, 170.69 W
2026/09/12 09:44:58.650, 73205 MiB, 100 %, 159.81 W
2026/09/12 09:45:03.651, 73093 MiB, 89 %, 160.23 W
2026/09/12 09:45:08.651, 73061 MiB, 0 %, 117.08 W
2026/09/12 09:45:13.652, 74265 MiB, 0 %, 140.41 W
2026/09/12 09:45:18.653, 74267 MiB, 0 %, 117.89 W
2026/09/12 09:45:23.654, 74267 MiB, 0 %, 117.80 W
2026/09/12 09:45:28.654, 74267 MiB, 0 %, 117.79 W
2026/09/12 09:45:33.655, 74267 MiB, 0 %, 117.78 W
2026/09/12 09:45:38.656, 74267 MiB, 0 %, 117.69 W
2026/09/12 09:45:43.657, 74267 MiB, 0 %, 117.76 W
2026/09/12 09:45:48.657, 74267 MiB, 0 %, 117.78 W
2026/09/12 09:45:53.658, 74267 MiB, 0 %, 117.68 W
2026/09/12 09:45:58.659, 74267 MiB, 0 %, 117.77 W
2026/09/12 09:46:03.659, 74267 MiB, 0 %, 117.71 W
2026/09/12 09:46:08.660, 74267 MiB, 0 %, 117.69 W
2026/09/12 09:46:13.661, 74267 MiB, 0 %, 117.78 W
2026/09/12 09:46:18.662, 74267 MiB, 0 %, 117.68 W
2026/09/12 09:46:23.662, 74267 MiB, 0 %, 117.60 W
2026/09/12 09:46:28.663, 74267 MiB, 0 %, 117.63 W
2026/09/12 09:46:33.664, 74267 MiB, 0 %, 117.68 W
2026/09/12 09:46:38.664, 74267 MiB, 0 %, 117.68 W
2026/09/12 09:46:43.665, 74267 MiB, 0 %, 117.70 W
2026/09/12 09:46:48.666, 74267 MiB, 0 %, 117.68 W
2026/09/12 09:46:53.667, 74267 MiB, 0 %, 117.68 W
2026/09/12 09:46:58.667, 74267 MiB, 0 %, 117.66 W
2026/09/12 09:47:03.668, 74267 MiB, 0 %, 117.58 W
2026/09/12 09:47:08.669, 74267 MiB, 0 %, 117.72 W
2026/09/12 09:47:13.669, 74267 MiB, 0 %, 117.65 W
2026/09/12 09:47:18.670, 74267 MiB, 0 %, 117.74 W
2026/09/12 09:47:23.671, 74267 MiB, 0 %, 117.67 W
2026/09/12 09:47:28.672, 74267 MiB, 0 %, 117.70 W
2026/09/12 09:47:33.672, 74267 MiB, 0 %, 117.66 W
2026/09/12 09:47:38.673, 74267 MiB, 0 %, 117.67 W
2026/09/12 09:47:43.674, 74267 MiB, 0 %, 117.75 W
2026/09/12 09:47:48.675, 74267 MiB, 0 %, 117.74 W
2026/09/12 09:47:53.676, 74267 MiB, 0 %, 117.74 W
2026/09/12 09:47:58.677, 74267 MiB, 0 %, 117.71 W
2026/09/12 09:48:03.677, 74267 MiB, 0 %, 117.70 W
2026/09/12 09:48:08.678, 74267 MiB, 0 %, 117.72 W
2026/09/12 09:48:13.679, 74267 MiB, 0 %, 117.61 W
2026/09/12 09:48:18.680, 74267 MiB, 0 %, 117.70 W
2026/09/12 09:48:23.681, 74267 MiB, 0 %, 117.72 W
2026/09/12 09:48:28.681, 74267 MiB, 0 %, 117.78 W
2026/09/12 09:48:33.682, 74267 MiB, 0 %, 117.67 W
2026/09/12 09:48:38.683, 74267 MiB, 0 %, 117.76 W
2026/09/12 09:48:43.684, 74267 MiB, 0 %, 117.74 W
2026/09/12 09:48:48.684, 74267 MiB, 0 %, 117.74 W
2026/09/12 09:48:53.685, 74267 MiB, 0 %, 117.77 W
2026/09/12 09:48:58.685, 74267 MiB, 0 %, 117.81 W
2026/09/12 09:49:03.686, 74267 MiB, 0 %, 117.80 W
2026/09/12 09:49:08.687, 74267 MiB, 0 %, 117.77 W
2026/09/12 09:49:13.688, 74267 MiB, 0 %, 117.78 W
2026/09/12 09:49:18.688, 74267 MiB, 0 %, 117.79 W
2026/09/12 09:49:23.689, 74267 MiB, 0 %, 117.72 W
2026/09/12 09:49:28.690, 74267 MiB, 0 %, 117.77 W
2026/09/12 09:49:33.690, 74267 MiB, 0 %, 117.76 W
2026/09/12 09:49:38.691, 74267 MiB, 0 %, 117.75 W
2026/09/12 09:49:43.692, 74267 MiB, 0 %, 117.85 W
2026/09/12 09:49:48.692, 74267 MiB, 0 %, 117.70 W
2026/09/12 09:49:53.693, 74267 MiB, 0 %, 117.74 W
2026/09/12 09:49:58.694, 74267 MiB, 0 %, 117.65 W
2026/09/12 09:50:03.695, 74267 MiB, 0 %, 117.75 W
2026/09/12 09:50:08.695, 74267 MiB, 0 %, 117.81 W
2026/09/12 09:50:13.696, 74267 MiB, 0 %, 117.75 W
2026/09/12 09:50:18.696, 74267 MiB, 0 %, 117.73 W
2026/09/12 09:50:23.697, 74267 MiB, 0 %, 117.71 W
2026/09/12 09:50:28.698, 74267 MiB, 0 %, 117.74 W
2026/09/12 09:50:33.699, 74267 MiB, 0 %, 117.73 W
2026/09/12 09:50:38.699, 74267 MiB, 0 %, 117.79 W
2026/09/12 09:50:43.700, 74267 MiB, 0 %, 117.78 W
2026/09/12 09:50:48.701, 74267 MiB, 0 %, 117.75 W
2026/09/12 09:50:53.702, 74267 MiB, 0 %, 117.73 W
2026/09/12 09:50:58.703, 74267 MiB, 0 %, 117.73 W
2026/09/12 09:51:03.704, 74267 MiB, 0 %, 117.71 W
2026/09/12 09:51:08.704, 74267 MiB, 0 %, 117.68 W
2026/09/12 09:51:13.705, 74267 MiB, 0 %, 117.76 W
2026/09/12 09:51:18.706, 74267 MiB, 0 %, 117.74 W
2026/09/12 09:51:23.706, 76543 MiB, 100 %, 276.39 W
2026/09/12 09:51:28.707, 76543 MiB, 100 %, 275.40 W
2026/09/12 09:51:33.708, 76543 MiB, 100 %, 243.48 W
2026/09/12 09:51:38.709, 76543 MiB, 100 %, 216.27 W
2026/09/12 09:51:43.710, 76543 MiB, 100 %, 148.74 W
2026/09/12 09:51:48.711, 76543 MiB, 100 %, 149.90 W
